200,F,Chidiots #1
201,F,Chidiots #2
202,L,BaltOve's Back
203,L,BaltOve's Revenge
204,G,Cartastrophe #1
205,G,Cartastrophe #2
206,H,Area 51
207,H,Area 51 Too
208,I,Margaritaville #1
209,I,Margaritaville #2
210,A,Nomeward Bound #1
211,A,Nomeward Bound #2
212,K,Patrick's Pekingese Power Posse #1
213,K,Patrick's Pekingese Power Posse #2
214,B,The Cooter Lounge #1
215,B,The Cooter Lounge #2
216,A,Ten Year Reunions
217,A,The Other Team
218,A,20 YOLO 20
219,B,2Fast2Frozen
220,B,3-1-2 Flavors
221,C,A Running Joke
222,C,All Glory to the Hypnotoad
223,D,Artemis 2
224,E,Bearly Functional
225,J,Blood Sweat & Beers
226,C,Cannoncart Run
227,G,Cart Nutz
228,H,CHARditarod 2020
229,C,Chi-light Zone
230,B,CHIditaKART
231,D,Chiditarodzzi
232,E,CHlimate Change Isn't Real
233,F,Cops
234,G,Crash Cart Dummies
235,H,Curry in a Hurry
236,J,Dadz I’d like to “Friend”
237,K,For Old Time's Sake
238,L,Friendly Faces Ground Crew
239,C,Galactic Neon Wolves
240,D,Gushing Grannies
241,E,Hotties with Totties
242,A,King Tim and his Merry Band of Unsuspecting Volunteers
243,F,Los Chingones
244,G,Los Toros Fabulosos
245,H,Magically Delicious
246,L,Marauders of the night
247,K,MI-ditarod
248,B,Never Fales
249,L,Nickelback Pickleback
250,I,OK Used Cars
251,C,One Beer Short of a Six-Pack
252,D,Oregon Railers
253,D,People of Walmart
254,B,Queer as Heck
255,E,Rainbow Unicorn Racers
256,L,RUNts
257,F,Russian Nesting Doll
258,G,Saint lou's Assembly
259,I,Sara Para Squad
260,H,So Hot Right Now
261,A,SPACEFORCE!
262,I,Spartans
263,J,Squaditarod
264,J,Team Epstein Didn't Kill Himself
265,A,Team Girl Squad
266,K,TEAM GREEN!
267,L,Team Highditarod
268,C,Team Mando
269,D,The Also-Rans
270,I,The Bad Eggs
271,E,The Bing Bongs
272,F,The Chivengers
273,G,The Hashers
274,H,The Octorockers
275,I,The Oregon Trailblazers
276,J,The Plan-Of-Tears
277,K,The Stone
278,L,The Velour Comets
279,D,The Whatever Girls
280,E,The Wows
281,E,There's Waldo
282,F,This Is The Way
283,C,"This Year’s Theme Rejected, A Commemorative of Chiditarods Past"
284,G,Tockers and Fockers
285,E,Tom Setty and the Heartbreakers
286,H,Tyrs of our Enemies
287,J,Underpants Gnomes
288,I,Whyteclaw House
289,J,Wigs Jacked for Jesus
290,B,Wingspan
291,K,WizRollerz: Hunger Heroes
292,J,...Look at ussss!
293,F,"3GS&T, 14th Ed"
